{
  "properties": {
    "connectionReferences": {
      "shared_office365": {
        "runtimeSource": "embedded",
        "connection": {
          "connectionReferenceLogicalName": "cr50d_sharedoffice365_e9795"
        },
        "api": {
          "name": "shared_office365"
        }
      },
      "shared_dynamicsax": {
        "runtimeSource": "embedded",
        "connection": {
          "connectionReferenceLogicalName": "cr50d_shareddynamicsax_00b2c"
        },
        "api": {
          "name": "shared_dynamicsax"
        }
      }
    },
    "definition": {
      "$schema": "https://schema.management.azure.com/providers/Microsoft.Logic/schemas/2016-06-01/workflowdefinition.json#",
      "contentVersion": "undefined",
      "parameters": {
        "$connections": {
          "defaultValue": {},
          "type": "Object"
        },
        "$authentication": {
          "defaultValue": {},
          "type": "SecureObject"
        }
      },
      "triggers": {
        "manual": {
          "metadata": {
            "operationMetadataId": "3276e60b-9e82-42ff-b38b-fa6b8f348fe2"
          },
          "type": "Request",
          "kind": "Http",
          "inputs": {
            "schema": {
              "type": "object",
              "properties": {
                "tipodocumento": {
                  "type": "string"
                },
                "nrodocumento": {
                  "type": "string"
                },
                "apellidos": {
                  "type": "string"
                },
                "nombres": {
                  "type": "string"
                },
                "pago": {
                  "type": "object",
                  "properties": {
                    "condicionesPago": {
                      "type": "string"
                    },
                    "formaPago": {
                      "type": "string"
                    }
                  }
                },
                "empresa": {
                  "type": "string"
                },
                "cuentaBancaria": {
                  "type": "object",
                  "properties": {
                    "codigo": {
                      "type": "string"
                    },
                    "grupo": {
                      "type": "string"
                    },
                    "numeroCuenta": {
                      "type": "string"
                    },
                    "tipoCuentaBancaria": {
                      "type": "string"
                    },
                    "sucursalBancaria": {
                      "type": "integer"
                    },
                    "digitoControl": {
                      "type": "integer"
                    }
                  }
                }
              }
            },
            "triggerAuthenticationType": "All"
          }
        }
      },
      "actions": {
        "correlativo": {
          "runAfter": {},
          "metadata": {
            "operationMetadataId": "f8b2a857-f7fa-43b7-a19c-6b8f78b6bb43"
          },
          "type": "InitializeVariable",
          "inputs": {
            "variables": [
              {
                "name": "correlativo",
                "type": "integer",
                "value": 1
              }
            ]
          }
        },
        "bool_existe": {
          "runAfter": {
            "correlativo": [
              "Succeeded"
            ]
          },
          "metadata": {
            "operationMetadataId": "f8b2a857-f7fa-43b7-a19c-6b8f78b6bb43"
          },
          "type": "InitializeVariable",
          "inputs": {
            "variables": [
              {
                "name": "boolExiste",
                "type": "boolean"
              }
            ]
          }
        },
        "cuenta_": {
          "runAfter": {
            "bool_existe": [
              "Succeeded"
            ]
          },
          "metadata": {
            "operationMetadataId": "614e9283-9d9f-49be-a68e-caa450bc9279"
          },
          "type": "InitializeVariable",
          "inputs": {
            "variables": [
              {
                "name": "cuenta",
                "type": "string"
              }
            ]
          }
        },
        "Ámbito": {
          "actions": {
            "Filtrar_matriz": {
              "runAfter": {},
              "metadata": {
                "operationMetadataId": "4077d241-e856-49eb-9b6e-78af1ab2ee87"
              },
              "type": "Query",
              "inputs": {
                "from": "@result('try')",
                "where": "@or(equals(item()?['Status'], 'Failed'),equals(item()?['Status'], 'TimedOut'))"
              }
            },
            "Crear_tabla_HTML": {
              "runAfter": {
                "Filtrar_matriz": [
                  "Succeeded"
                ]
              },
              "metadata": {
                "operationMetadataId": "eea68eea-34db-40fb-90bf-2a015bf33d37"
              },
              "type": "Table",
              "inputs": {
                "from": "@body('Filtrar_matriz')",
                "format": "HTML",
                "columns": [
                  {
                    "header": "ACTION",
                    "value": "@item()?['name']"
                  },
                  {
                    "header": "STATUS",
                    "value": "@item()?['Status']"
                  },
                  {
                    "header": "ERROR",
                    "value": "@item()?['error']?['message']"
                  }
                ]
              }
            },
            "Enviar_correo_electrónico_(V2)": {
              "runAfter": {
                "Crear_tabla_HTML": [
                  "Succeeded"
                ]
              },
              "metadata": {
                "operationMetadataId": "016379b0-c4a7-456d-98d8-cc085a0198cc"
              },
              "type": "OpenApiConnection",
              "inputs": {
                "host": {
                  "apiId": "/providers/Microsoft.PowerApps/apis/shared_office365",
                  "connectionName": "shared_office365",
                  "operationId": "SendEmailV2"
                },
                "parameters": {
                  "emailMessage/To": "jmsilva28@stefanini.com;desarrolloti3@besco.com.pe;wnarro@grupoebim.com",
                  "emailMessage/Subject": "Error - SocioRef - @{triggerBody()?['nrodocumento']}",
                  "emailMessage/Body": "<p>@{body('Crear_tabla_HTML')}<br>\n<br>\n<a href='@{concat('https://make.powerautomate.com/environments/', workflow()?['tags']['environmentName'], '/flows/', workflow()?['name'], '/runs/', workflow()?['run']['name'])}'>🧐Revisa el flujo aqui</a>\n\n",
                  "emailMessage/From": "desarrolloti@besco.com.pe",
                  "emailMessage/Importance": "High"
                },
                "authentication": "@parameters('$authentication')"
              }
            },
            "Terminate": {
              "runAfter": {
                "Enviar_correo_electrónico_(V2)": [
                  "Succeeded"
                ]
              },
              "metadata": {
                "operationMetadataId": "2f9a2cf9-bad8-4c87-9a2f-e27b1239a1b3"
              },
              "type": "Terminate",
              "inputs": {
                "runStatus": "Failed"
              }
            }
          },
          "runAfter": {
            "try": [
              "Failed"
            ]
          },
          "metadata": {
            "operationMetadataId": "e14e23bf-6e33-4a15-af07-d12926d0fa4a"
          },
          "type": "Scope",
          "description": "gestion error"
        },
        "try": {
          "actions": {
            "Muestra_los_elementos_presentes_en_la_tabla_proveedores": {
              "runAfter": {},
              "metadata": {
                "operationMetadataId": "52a672a8-1367-45f0-a147-e19071b32254"
              },
              "type": "OpenApiConnection",
              "inputs": {
                "host": {
                  "apiId": "/providers/Microsoft.PowerApps/apis/shared_dynamicsax",
                  "connectionName": "shared_dynamicsax",
                  "operationId": "GetItems"
                },
                "parameters": {
                  "dataset": "besalco-uat.sandbox.operations.dynamics.com",
                  "table": "VendorsV2",
                  "$filter": "VendorAccountNumber eq '@{triggerBody()?['nrodocumento']}'"
                },
                "authentication": "@parameters('$authentication')"
              },
              "description": "Se consulta en dynamics si existen socios referidos con ese dni o ce"
            },
            "Validar_si_Existen_proveedores_con_el_nrodcumento_a_crear": {
              "actions": {
                "Muestra_los_elementos_presentes_en_la_tabla_cuentabancaria": {
                  "runAfter": {},
                  "metadata": {
                    "operationMetadataId": "52a672a8-1367-45f0-a147-e19071b32254"
                  },
                  "type": "OpenApiConnection",
                  "inputs": {
                    "host": {
                      "apiId": "/providers/Microsoft.PowerApps/apis/shared_dynamicsax",
                      "connectionName": "shared_dynamicsax",
                      "operationId": "GetItems"
                    },
                    "parameters": {
                      "dataset": "besalco-uat.sandbox.operations.dynamics.com",
                      "table": "VendorBankAccounts",
                      "$filter": "VendorAccountNumber eq '@{triggerBody()?['nrodocumento']}'"
                    },
                    "authentication": "@parameters('$authentication')"
                  },
                  "description": "Se consulta en dynamics si existen cuentas bancarias con ese dni o ce"
                },
                "Por_cada_registro_de_elemento_de_la_tabla_cuentabancaria": {
                  "foreach": "@outputs('Muestra_los_elementos_presentes_en_la_tabla_cuentabancaria')?['body/value']",
                  "actions": {
                    "Actualizar_el_estado_a_inactivo__a_todas_las_cuentas_existentes": {
                      "runAfter": {},
                      "metadata": {
                        "operationMetadataId": "4c427094-7481-40b5-8efd-40f6552d7f3e"
                      },
                      "type": "OpenApiConnection",
                      "inputs": {
                        "host": {
                          "apiId": "/providers/Microsoft.PowerApps/apis/shared_dynamicsax",
                          "connectionName": "shared_dynamicsax",
                          "operationId": "PatchItem"
                        },
                        "parameters": {
                          "dataset": "besalco-uat.sandbox.operations.dynamics.com",
                          "table": "VendorBankAccounts",
                          "id": "bspe,@{items('Por_cada_registro_de_elemento_de_la_tabla_cuentabancaria')?['VendorAccountNumber']},@{items('Por_cada_registro_de_elemento_de_la_tabla_cuentabancaria')?['VendorBankAccountId']}",
                          "item/VendorAccountNumber": "@items('Por_cada_registro_de_elemento_de_la_tabla_cuentabancaria')?['VendorAccountNumber']",
                          "item/VendorBankAccountId": "@items('Por_cada_registro_de_elemento_de_la_tabla_cuentabancaria')?['VendorBankAccountId']",
                          "item/ExpirationDate": "@formatDateTime(utcNow(), 'MM-dd-yyyy')"
                        },
                        "authentication": "@parameters('$authentication')"
                      }
                    },
                    "Validar_si_ya_existe_el_mismo_numero_de_cuenta_bancaria": {
                      "actions": {
                        "Actualizar_el_estado_a_activo": {
                          "runAfter": {},
                          "metadata": {
                            "operationMetadataId": "4c427094-7481-40b5-8efd-40f6552d7f3e"
                          },
                          "type": "OpenApiConnection",
                          "inputs": {
                            "host": {
                              "apiId": "/providers/Microsoft.PowerApps/apis/shared_dynamicsax",
                              "connectionName": "shared_dynamicsax",
                              "operationId": "PatchItem"
                            },
                            "parameters": {
                              "dataset": "besalco-uat.sandbox.operations.dynamics.com",
                              "table": "VendorBankAccounts",
                              "id": "bspe,@{items('Por_cada_registro_de_elemento_de_la_tabla_cuentabancaria')?['VendorAccountNumber']},@{items('Por_cada_registro_de_elemento_de_la_tabla_cuentabancaria')?['VendorBankAccountId']}",
                              "item/VendorAccountNumber": "@items('Por_cada_registro_de_elemento_de_la_tabla_cuentabancaria')?['VendorAccountNumber']",
                              "item/VendorBankAccountId": "@items('Por_cada_registro_de_elemento_de_la_tabla_cuentabancaria')?['VendorBankAccountId']",
                              "item/ExpirationDate": "@'01/01/1900'"
                            },
                            "authentication": "@parameters('$authentication')"
                          },
                          "description": "solo para esa cuenta bancaria "
                        },
                        "Establecer_variable": {
                          "runAfter": {
                            "Actualizar_un_cuenta_bancaria_en_pagos": [
                              "Succeeded"
                            ]
                          },
                          "metadata": {
                            "operationMetadataId": "eb68bb86-f377-444d-82a6-3f73722666c1"
                          },
                          "type": "SetVariable",
                          "inputs": {
                            "name": "boolExiste",
                            "value": true
                          },
                          "description": "dato indica que ya no se  creara cuenta bancaria porque ya se cambio el estado a activo a la cuenta existente"
                        },
                        "Actualizar_un_cuenta_bancaria_en_pagos": {
                          "runAfter": {
                            "Actualizar_el_estado_a_activo": [
                              "Succeeded"
                            ]
                          },
                          "metadata": {
                            "operationMetadataId": "3e57edb8-e745-4927-9566-c041b54e1710"
                          },
                          "type": "OpenApiConnection",
                          "inputs": {
                            "host": {
                              "apiId": "/providers/Microsoft.PowerApps/apis/shared_dynamicsax",
                              "connectionName": "shared_dynamicsax",
                              "operationId": "PatchItem"
                            },
                            "parameters": {
                              "dataset": "besalco-uat.sandbox.operations.dynamics.com",
                              "table": "VendorsV2",
                              "id": "bspe,@{triggerBody()?['nrodocumento']}",
                              "item/VendorGroupId": "60",
                              "item/BankAccountId": "@outputs('Actualizar_el_estado_a_activo')?['body/VendorBankAccountId']"
                            },
                            "authentication": "@parameters('$authentication')"
                          }
                        }
                      },
                      "runAfter": {
                        "Aplicar_a_cada_uno": [
                          "Succeeded"
                        ]
                      },
                      "expression": {
                        "equals": [
                          "@items('Por_cada_registro_de_elemento_de_la_tabla_cuentabancaria')?['BankAccountNumber']",
                          "@triggerBody()?['cuentaBancaria']?['numeroCuenta']"
                        ]
                      },
                      "metadata": {
                        "operationMetadataId": "67dee899-d272-4b52-a3f0-3dc67d331c11"
                      },
                      "type": "If"
                    },
                    "Aplicar_a_cada_uno": {
                      "foreach": "@outputs('Muestra_los_elementos_presentes_en_la_tabla_proveedores')?['body/value']",
                      "actions": {
                        "Validar_si_la_fila_presente_contiene_el_nombre_de_la_cuenta_a_crear": {
                          "actions": {
                            "aumentar_correlativo_1_x1": {
                              "runAfter": {},
                              "metadata": {
                                "operationMetadataId": "ad0ee3f1-4e4a-4445-a79a-f25f92554b56"
                              },
                              "type": "IncrementVariable",
                              "inputs": {
                                "name": "correlativo",
                                "value": 1
                              },
                              "description": "esto sera añadido luego en el caso se cree la cuenta bancaria  "
                            }
                          },
                          "runAfter": {},
                          "expression": {
                            "contains": [
                              "@items('Por_cada_registro_de_elemento_de_la_tabla_cuentabancaria')?['VendorBankAccountId']",
                              "@triggerBody()?['cuentaBancaria']?['codigo']"
                            ]
                          },
                          "metadata": {
                            "operationMetadataId": "6bb434bf-8181-4cb0-a2cc-64572d507935"
                          },
                          "type": "If"
                        }
                      },
                      "runAfter": {
                        "Actualizar_el_estado_a_inactivo__a_todas_las_cuentas_existentes": [
                          "Succeeded"
                        ]
                      },
                      "metadata": {
                        "operationMetadataId": "4e39c26a-cbae-466e-9b92-390121c16b5d"
                      },
                      "type": "Foreach"
                    }
                  },
                  "runAfter": {
                    "Muestra_los_elementos_presentes_en_la_tabla_cuentabancaria": [
                      "Succeeded"
                    ]
                  },
                  "metadata": {
                    "operationMetadataId": "63ea7fa4-f9dd-4fba-8fc9-684a54148adb"
                  },
                  "type": "Foreach"
                }
              },
              "runAfter": {
                "Muestra_los_elementos_presentes_en_la_tabla_proveedores": [
                  "Succeeded"
                ]
              },
              "else": {
                "actions": {
                  "Crear_registro_Proveedor": {
                    "runAfter": {},
                    "metadata": {
                      "operationMetadataId": "f3063642-c0b3-4def-b01d-2c5173bb3267"
                    },
                    "type": "OpenApiConnection",
                    "inputs": {
                      "host": {
                        "apiId": "/providers/Microsoft.PowerApps/apis/shared_dynamicsax",
                        "connectionName": "shared_dynamicsax",
                        "operationId": "PostItem"
                      },
                      "parameters": {
                        "dataset": "besalco-uat.sandbox.operations.dynamics.com",
                        "table": "VendorsV2",
                        "item/VendorGroupId": "60",
                        "item/dataAreaId": "@triggerBody()?['empresa']",
                        "item/VendorAccountNumber": "@triggerBody()?['nrodocumento']",
                        "item/PersonFirstName": "@triggerBody()?['nombres']",
                        "item/VendorSearchName": "@triggerBody()?['nombres']",
                        "item/PersonLastName": "@triggerBody()?['apellidos']",
                        "item/DefaultPaymentTermsName": "@triggerBody()?['pago']?['condicionesPago']",
                        "item/PrimaryPhoneNumberPurpose": "  ",
                        "item/OrganizationNumber": "@triggerBody()?['nrodocumento']",
                        "item/VendorOrganizationName": "@{triggerBody()?['nombres']} @{triggerBody()?['apellidos']}",
                        "item/VendorPartyType": "Persona",
                        "item/VendorPortalCollaborationMethod": "WithoutAutoConfirmation",
                        "item/DefaultVendorPaymentMethodName": "@triggerBody()?['pago']?['formaPago']"
                      },
                      "authentication": "@parameters('$authentication')"
                    }
                  },
                  "Crear_registro_Version_Perú": {
                    "runAfter": {
                      "Actualizar_un_registro_nombres_y_apellidos": [
                        "Succeeded"
                      ]
                    },
                    "metadata": {
                      "operationMetadataId": "ce1c8424-e007-4d4f-92e1-69d194e78de3"
                    },
                    "type": "OpenApiConnection",
                    "inputs": {
                      "host": {
                        "apiId": "/providers/Microsoft.PowerApps/apis/shared_dynamicsax",
                        "connectionName": "shared_dynamicsax",
                        "operationId": "PostItem"
                      },
                      "parameters": {
                        "dataset": "besalco-uat.sandbox.operations.dynamics.com",
                        "table": "APPE_DirPartyIdentificationTables",
                        "item/PartyNumber": "@outputs('Crear_registro_Proveedor')?['body/VendorPartyNumber']",
                        "item/CountryRegionId": "PER",
                        "item/IdentificationNum": "@triggerBody()?['nrodocumento']",
                        "item/ModuleAxapta": "Vendor",
                        "item/IdentificationTypeCountries": "@triggerBody()?['tipodocumento']"
                      },
                      "authentication": "@parameters('$authentication')"
                    }
                  },
                  "Actualizar_un_registro_nombres_y_apellidos": {
                    "runAfter": {
                      "Crear_registro_Proveedor": [
                        "Succeeded"
                      ]
                    },
                    "metadata": {
                      "operationMetadataId": "da68c0b0-e51e-43d2-8309-8010687737ed"
                    },
                    "type": "OpenApiConnection",
                    "inputs": {
                      "host": {
                        "apiId": "/providers/Microsoft.PowerApps/apis/shared_dynamicsax",
                        "connectionName": "shared_dynamicsax",
                        "operationId": "PatchItem"
                      },
                      "parameters": {
                        "dataset": "besalco-uat.sandbox.operations.dynamics.com",
                        "table": "VendorsV2",
                        "id": "bspe,@{triggerBody()?['nrodocumento']}",
                        "item/VendorGroupId": "60",
                        "item/dataAreaId": "bspe",
                        "item/VendorType": "None",
                        "item/PersonFirstName": "@triggerBody()?['nombres']",
                        "item/PersonLastName": "@triggerBody()?['apellidos']"
                      },
                      "authentication": "@parameters('$authentication')"
                    }
                  }
                }
              },
              "expression": {
                "greaterOrEquals": [
                  "@length(outputs('Muestra_los_elementos_presentes_en_la_tabla_proveedores')?['body/value'])",
                  1
                ]
              },
              "metadata": {
                "operationMetadataId": "08f5c87a-4915-4ba5-b388-7194520cc9bb"
              },
              "type": "If"
            },
            "Si_la_cuenta_ya_existe_entonces_no_crear_cuenta": {
              "actions": {},
              "runAfter": {
                "Validar_si_Existen_proveedores_con_el_nrodcumento_a_crear": [
                  "Succeeded"
                ]
              },
              "else": {
                "actions": {
                  "Validar_si_es_cuenta_de_ahorros_o_corriente": {
                    "actions": {
                      "asignar_cuenta_ahorros_savingaccount": {
                        "runAfter": {},
                        "metadata": {
                          "operationMetadataId": "fc5deec7-fe6c-4c25-9b62-2ed31c823491"
                        },
                        "type": "SetVariable",
                        "inputs": {
                          "name": "cuenta",
                          "value": "SavingsAccount"
                        }
                      }
                    },
                    "runAfter": {},
                    "else": {
                      "actions": {
                        "asignar_cuenta_corriente_checking_account": {
                          "runAfter": {},
                          "metadata": {
                            "operationMetadataId": "996eea6f-c3f8-4892-b0ba-fa25bbe3d13a"
                          },
                          "type": "SetVariable",
                          "inputs": {
                            "name": "cuenta",
                            "value": "CheckingAccount"
                          }
                        }
                      }
                    },
                    "expression": {
                      "contains": [
                        "@triggerBody()?['cuentaBancaria']?['tipoCuentaBancaria']",
                        "ahorros"
                      ]
                    },
                    "metadata": {
                      "operationMetadataId": "92d5cc4d-d9af-45a3-a1f4-268b2e5677be"
                    },
                    "type": "If"
                  },
                  "crear_cuenta_bancaria": {
                    "runAfter": {
                      "Validar_si_es_cuenta_de_ahorros_o_corriente": [
                        "Succeeded"
                      ]
                    },
                    "metadata": {
                      "operationMetadataId": "3697e9af-d1e2-4a21-be6f-b91576a5cd88"
                    },
                    "type": "OpenApiConnection",
                    "inputs": {
                      "host": {
                        "apiId": "/providers/Microsoft.PowerApps/apis/shared_dynamicsax",
                        "connectionName": "shared_dynamicsax",
                        "operationId": "PostItem"
                      },
                      "parameters": {
                        "dataset": "besalco-uat.sandbox.operations.dynamics.com",
                        "table": "VendorBankAccounts",
                        "item/VendorAccountNumber": "@triggerBody()?['nrodocumento']",
                        "item/VendorBankAccountId": "@{triggerBody()?['cuentaBancaria']?['codigo']}_@{variables('correlativo')}",
                        "item/BankAccountNumber": "@triggerBody()?['cuentaBancaria']?['numeroCuenta']",
                        "item/BankGroupId": "@triggerBody()?['cuentaBancaria']?['grupo']",
                        "item/CurrentCurrencyCode": "PEN",
                        "item/ContactName": "@triggerBody()?['nombres']",
                        "item/APOBBankBranchOffice": "@triggerBody()?['cuentaBancaria']?['sucursalBancaria']",
                        "item/APOBControlDigit": "@triggerBody()?['cuentaBancaria']?['digitoControl']",
                        "item/APOBBankAccountType": "@variables('cuenta')"
                      },
                      "authentication": "@parameters('$authentication')"
                    }
                  },
                  "Actualizar_un_cuenta_bancaria_en_pagos_2": {
                    "runAfter": {
                      "crear_cuenta_bancaria": [
                        "Succeeded"
                      ]
                    },
                    "metadata": {
                      "operationMetadataId": "da930a78-386b-4e9f-9a7a-a7d928a7b325"
                    },
                    "type": "OpenApiConnection",
                    "inputs": {
                      "host": {
                        "apiId": "/providers/Microsoft.PowerApps/apis/shared_dynamicsax",
                        "connectionName": "shared_dynamicsax",
                        "operationId": "PatchItem"
                      },
                      "parameters": {
                        "dataset": "besalco-uat.sandbox.operations.dynamics.com",
                        "table": "VendorsV2",
                        "id": "bspe,@{triggerBody()?['nrodocumento']}",
                        "item/VendorGroupId": "60",
                        "item/BankAccountId": "@outputs('crear_cuenta_bancaria')?['body/VendorBankAccountId']"
                      },
                      "authentication": "@parameters('$authentication')"
                    }
                  }
                }
              },
              "expression": {
                "equals": [
                  "@variables('boolExiste')",
                  true
                ]
              },
              "metadata": {
                "operationMetadataId": "7213fb87-9139-4f70-9ad5-a6e1adfcfad1"
              },
              "type": "If"
            }
          },
          "runAfter": {
            "boolmiranda": [
              "Succeeded"
            ]
          },
          "metadata": {
            "operationMetadataId": "4b0d8eb0-2553-48f6-96de-12a15dba07de"
          },
          "type": "Scope"
        },
        "boolmiranda": {
          "runAfter": {
            "cuenta_": [
              "Succeeded"
            ]
          },
          "metadata": {
            "operationMetadataId": "062e627b-03bd-47f6-bfa1-cc7520f7dfdc"
          },
          "type": "InitializeVariable",
          "inputs": {
            "variables": [
              {
                "name": "Miranda",
                "type": "boolean"
              }
            ]
          }
        }
      }
    },
    "templateName": null
  },
  "schemaVersion": "1.0.0.0"
}